,quantile,mad,alma,wcp,kurtosis,atr,rvi,increasing,pwma,median,rsx,ebsw,log_return,er,ao,rma,sinwma,ssf,nvi,wma,trima,pvt,ad,pvr,bias,cmo,midprice,zlma,swma,true_range,dema,massi,inertia,variance,mfi,dpo,cti,chop,pdist,apo,rsi,linreg,decay,natr,vidya,stdev,tema,cfo,entropy,willr,pgo,uo,skew,psl,obv,t3,qstick,fwma,zscore,vwap,jma,efi,slope,kama,percent_return,mcgd,adosc,eom,ema,hl2,pvol,hwma,decreasing,hlc3,mom,sma,ttm_trend,midpoint,cg,cmf,roc,vhf,bop,coppock,ohlc4,vwma,hma,ui,pvi,cci,change24hs,change7d,change30d,change90d,change180d
AAPL,146.0046646118164,3.3201052890353737,144.94816602896,145.9445821126302,-0.7843557543670154,2.770484141032941,54.25693558421387,0.5333333333333333,145.28036929865678,146.0046646118164,53.37139113507333,0.3249591755161077,0.0009748069264169584,0.3452282542936606,-1.3034770367192323,145.83136116677352,145.16109558356823,145.8275720622906,1163.811034864297,145.55852699048592,145.25036970067907,384930902102.68146,43210447681.767525,2.4,4.597675180778952e-05,1.2683885763988494,145.7149996439616,145.910758843355,145.30961056179473,2.7036616007486978,145.58774337963334,24.75351682173003,54.635062641627705,16.241684412591486,45.30352282690656,-1.1236328124999997,0.15747889144242394,48.062942090695046,4.55199228922526,-0.806970045301649,50.63419428819942,145.6775538316664,146.54333272298177,1.8817653469956797,145.58773514515516,3.9765315400588856,145.980148361041,0.007515522557006524,3.3235928257740395,-39.68288911508922,0.29523051104544634,55.697877479358425,0.2926755260682779,55.55555555555555,162062532849.9,144.80112783607666,0.2839994303385421,145.7964754829318,0.03899281662835909,145.91322055392797,145.81681224040065,-8758747.948811898,0.14533335367838543,146.76040867386976,0.0010408955126006258,-0.006019462854597502,29127924.652253725,-0.04147146853284346,145.5986690413639,145.85049743652343,10863620786.053183,144.86584683153933,0.4666666666666667,145.91322055392797,1.1456685384114584,145.34353271484375,0.3333333333333333,145.96600011189778,-5.4920169829363115,0.05078966968221286,0.834605184262219,0.34410632163512517,0.09682647823166596,-0.3396465271051491,145.85791549682617,145.2296099494738,145.9833878257058,3.9308757963663044,1988.71249499525,29.702070248296543,0.003507568015859608,0.018423078031167384,0.0442926877437364,0.11874553118058051,0.1920814725073099
X,23.137166468302407,1.5314088418748644,22.278592443584433,23.002500009536742,-0.20999217682571,1.15330739697053,51.32315132501734,0.5333333333333333,22.37826883668701,23.137166468302407,49.72603609822227,0.34160988493936506,0.006013759348573592,0.3135967710381659,-1.1273941152236033,22.940693805393835,22.410871944342457,22.78686719046218,844.5743478641551,22.611218166929298,22.40547219382392,4299415987.131031,-1397797492.1812577,2.533333333333333,-0.0006122252181384662,-4.23220482145633,22.92983325322469,22.85369498401351,22.429988858964705,1.1190001805623373,22.60436544950035,24.109762293241108,50.29631743980236,3.559640327490962,47.222869359267484,-0.4348420645061289,0.1642494293448783,51.18522636898339,1.8466668446858725,-0.6132499849694405,47.88389758927183,22.6342988776462,23.144999974568684,4.906144658774334,23.650625826130558,1.8339639432391073,22.90504616621228,0.41860303489181344,3.3200524912703497,-45.16629194727246,0.4683335984218172,48.19285920771167,0.5754384410076933,51.388888888888886,201792579.5,22.092795464582046,0.018133405049642132,22.790876456129517,0.07810898132124482,23.001333342658146,22.780492108200868,1730587.1687876773,0.14399998982747395,23.084909565713524,0.006701670623920653,22.473954581876363,-9061410.90502096,0.05297452266211892,22.67841161132812,22.99900000890096,549486401.7529777,21.756732506359263,0.4666666666666667,23.001333342658146,0.6543333689371745,22.48843331654866,0.4666666666666667,22.93400001525879,-5.471924406281352,-0.1978958426429009,3.2720589292339457,0.35642203726754995,0.020231525308072464,-2.396307902226123,22.992499987284344,22.518495459481013,22.876857575824367,9.527811869368788,1611.6894566579347,27.90252254375238,0.0034174110608686803,0.11833508426644168,0.22060929642292804,0.13794249990303187,0.4775539162799003
KO,54.511352729797366,0.819662437156395,54.02884087714668,54.47700017293294,-0.3597958389579508,0.6756989220787483,54.90500502125438,0.6333333333333333,54.129090682665506,54.511352729797366,53.52033528505669,0.36283439596641437,0.001776512843129634,0.454815824969193,-0.3416970356979744,54.347487279270474,54.12038159539956,54.351535778350645,1197.020051627604,54.249618310639356,54.129972394307444,9231047413.435213,6332095028.7320385,2.1333333333333333,0.0025353212569944384,0.951143984977157,54.417666816711424,54.39078485794408,54.1470001686944,0.6650001525878906,54.281777312443616,25.186849949840646,52.187455555655205,1.088875646598158,53.09847440114397,-0.3648946962858502,0.24058260308319204,48.268200455486344,1.1270003000895188,-0.18831786457289965,50.47557199248857,54.27591640709957,54.533333511352545,1.2429818732136688,54.437727989783404,1.030799382837318,54.42407876940093,0.0896254207456613,3.322795821429411,-36.446715518929174,0.46499863208932446,47.41462864904199,-0.04608460111601321,54.722222222222236,6484940870.133333,54.003236676781476,-0.046032816569010114,54.352515243316866,0.1037188408156676,54.475777986314554,54.33345498197814,349445.7069185913,0.09833335876464844,54.112891741239125,0.0018038389816092662,54.27123121096643,-6743606.586183453,-0.02494532019693607,54.26703217989287,54.4733336130778,822021842.475975,54.17005572134745,0.3333333333333333,54.475777986314554,0.38166656494140627,54.17116681416829,0.3333333333333333,54.43150005340576,-5.492197413723303,-0.17314874918244366,0.7341429289487024,0.399482206602227,0.021210857666924578,-0.25500336190736933,54.47541675567627,54.180183279366695,54.405645511383156,2.501938065633834,1665.2261080900157,47.67915551087861,0.013010150317154912,0.015544022028053162,0.0525925954182942,0.06447923814269418,0.16711678951387432
PBR,10.422500197092692,0.33009967408356844,10.469061272749913,10.47245835463206,-0.5063447782286715,0.40003832904465597,46.33285883789213,0.43333333333333335,10.49764722455293,10.422500197092692,53.85614677610704,0.2119591433795252,-0.0019319422603030292,0.22835159662128787,0.08244269516334886,10.459025206262115,10.474391418926192,10.49909503398114,1236.350600287946,10.49286068020445,10.488157499278033,-1426343064.7516675,1060343429.368452,2.533333333333333,0.004100326792530284,2.420756626251872,10.471833292643229,10.498779407456343,10.492766754362318,0.40816659927368165,10.503473603838353,25.020306398403815,47.78844053719731,0.16824142100446265,50.15294641482227,0.10028951042576843,0.12881801254608516,50.68073804871268,0.6823331832885742,0.04743802262167627,51.21037831312593,10.507776619977566,10.525333404541016,3.8819432676304757,10.388481334327816,0.40957567398800293,10.50077048654531,-0.3498849007003468,3.327810289459029,-38.092107426848855,0.013008216563490115,50.418467426261536,-0.3219944015344198,45.55555555555555,2474115212.8,10.483610228872847,0.0021667893727621576,10.489375352970649,0.09691881530630495,10.473166677686903,10.481919477263526,-1070824.706420066,-0.019333330790201823,10.475280905445564,-0.0014679855917077767,10.398165366919192,4257840.919699967,0.005541982058922199,10.480130421782706,10.47458332379659,329464421.5525454,10.439162426758816,0.5333333333333333,10.473166677686903,0.032666587829589845,10.48613341967265,0.06666666666666667,10.48000005086263,-5.496325173959109,0.01696955328874541,0.49429444226303226,0.25385577671506965,-0.01849538610648187,2.2878210950584412,10.477958329518636,10.435762379071582,10.508253584518178,5.0271490735061395,1148.728171756435,4.982053379303275,-0.012158043257392115,-0.08018871234718494,-0.0450538723240258,-0.12721432888878603,0.35596402236010616
HMY,3.356388552983602,0.22208753400378758,3.494750515892916,3.588267898062698,-0.7145930557182023,0.1385456438155614,55.84721831725567,0.6,3.5340554202130687,3.356388552983602,61.44618099221145,0.15920101278946414,0.004576197010730466,0.4767551432954136,0.14367851406535573,3.491128750220449,3.4991059506630933,3.5706554294450035,602.1658949497285,3.5501984376618356,3.5252492741302217,1930168151.2444806,-227722440.0812755,2.3333333333333335,0.0490424817426556,9.935965400712186,3.5839359993522577,3.580838196206024,3.532367826567756,0.13835988307333205,3.583942086879374,24.77306666561471,57.80891985446712,0.06955189530220719,63.575146132753474,-0.04409160488530208,0.14874645083891433,42.230504425183504,0.23646796620053886,0.09215706714198121,54.96798270035609,3.584701334408351,3.587506405512492,3.8042216439837038,3.6395761716316737,0.25947202235482864,3.5998605539653417,0.038263242364289095,3.3620139978191332,-40.77716693566612,0.6551894190081679,50.058045649194455,0.5171991674834121,58.61111111111111,-222028729.53333333,3.503526945826513,0.004370300164682302,3.5676985279941333,0.6467922462646194,3.588521728912766,3.5816927708394117,82859.2195142822,0.015521764755249023,3.612548589946983,0.004877782571995807,3.414812089338871,442179.45514639316,0.056185515512344936,3.527665434967746,3.5890293906129034,17075054.793408997,3.679211779199642,0.4,3.588521728912766,0.14438986778259277,3.5307074594497676,0.2,3.5797455231348674,-5.4689916994681065,0.07717836528713089,4.818596951734159,0.41549429368001284,-0.022563799620716047,13.251735360411748,3.587950570387869,3.5332897673055217,3.582917910143984,6.148375430322492,1886.8702011291448,21.77065093403654,-0.038147166755797546,-0.10406093397874971,0.1051282174373438,-0.04381089864700982,-0.07723536618753324
VALE,14.889876778920492,0.8075870169886836,14.278543879980544,13.729958367347717,-0.4325309937550207,0.5124822810061028,41.24175106190975,0.4,14.094708510364095,14.889876778920492,37.123571051410146,-0.4467943103381042,-0.007386399146607996,0.3607404602318864,-1.2502780330108565,14.491650291485762,14.238063342532277,13.848368508865388,1240.6568132217803,13.972624787417326,14.124470710754393,5006105958.209176,2576921524.0450983,2.6333333333333333,-0.07013208926022794,-31.259664209469953,13.791500091552734,13.779721086777824,14.089360693825615,0.4614999771118165,13.721728615945699,24.880624657637405,42.59829840634507,1.0229017809692766,35.68301405842916,0.0970357819607382,-0.4080513480854017,44.54757115313196,0.7829998970031743,-0.596128413004753,34.37016789526502,13.815869439023755,13.794666659037272,3.6383733922509705,15.067127717528482,0.9635143276024324,13.747239561009613,-0.274491806396223,3.2749731397855046,-70.16614630453738,-1.0206296099502994,41.41821536802023,0.11118298263993535,42.49999999999999,1392221951.3,14.007265932558662,-0.058368497557248926,13.855889917698219,-1.3662779957330824,13.734277820587158,13.844066380219727,-4501370.353944074,-0.09600000381469727,14.142373947719994,-0.007125116522628579,14.246667325590742,-18064602.0449547,-0.060521459424878486,14.093872677301965,13.74291672706604,513889111.4834146,13.815889530103167,0.6,13.734277820587158,-0.777900759379069,14.083336636225384,-0.4666666666666667,13.765000009536744,-5.5444289692630715,-0.15334470494635494,-5.2454315258556905,0.39158130106156874,-0.18734289428180292,-12.910905091248457,13.746708369255066,14.013149001427667,13.780814568651245,9.86554658470501,1248.3361141936325,-60.12947632890603,-0.012510393777620976,-0.13828236173075648,-0.18681319976915323,-0.42293426138876067,-0.18998457293843252
XOM,58.39083347320557,2.2565237101802116,60.340443001327486,62.53271141052246,-0.4018811939208534,1.4099588620999093,57.09402719271489,0.6,61.215351883322,58.39083347320557,68.70038257312694,0.7844596106982864,0.004044863969279183,0.35772769623615197,3.895317526768474,60.107024478265615,60.5850551736556,62.21881059584483,1438.1454973940638,61.68415120211514,61.05502748136168,4533055033.718705,4563393534.785923,2.3333333333333335,0.06226836094522805,29.544615950158136,62.404756736755374,62.468427945414426,61.21612191094292,1.3111797332763673,62.538699662248774,25.18917456807572,55.722342539488224,7.6359221125194585,65.73828732668886,-0.062447146365516314,0.749984996982128,45.25634457655944,2.1860261281331383,1.973683653937446,64.77230797507907,62.30987727518046,62.75699940999349,2.2399622469565164,59.19963861731051,2.7041807648382137,62.672083540379745,-0.12124773013464037,3.365713869684393,-17.719343788302414,1.3737063775676723,57.46488636708444,0.12532192059912103,57.500000000000014,1940473160.8333333,61.14324144992904,0.12163309733072952,62.12706728137179,1.599587980395227,62.525726445515936,62.320735687864314,7169720.753671046,0.2476665496826172,60.491731872678415,0.004164607086424991,59.529772099950414,5046543.74145565,1.3994734407564418,61.23830044480224,62.51175651550293,1346142874.283212,63.371056302056076,0.4,62.525726445515936,3.078333028157552,61.211266377766925,0.4666666666666667,62.429833030700685,-5.456520665597602,0.021568851627196437,5.3364497944923155,0.3788613713937557,0.05356314832930901,13.23471767603945,62.521878210703534,61.28316847056612,62.549079811661336,1.5299502017380104,1348.3612066815983,103.46938826460187,0.0057205124433561405,-0.0016881615127275484,0.1472663523185722,0.05318309701303536,0.27394131951134604
ITUB,4.41956004301707,0.12651779669302482,4.358252791705111,4.322043756325601,-0.47612683332799544,0.16632644926127632,46.42505136958188,0.4666666666666667,4.343655888239542,4.41956004301707,46.88473590568141,-0.11260867343963671,-0.0019511925415692194,0.14144218531312766,-0.12359865250766339,4.3867968642967305,4.357969414615452,4.332224129006035,1182.4784289823656,4.338723729451497,4.347449207747425,10125645362.027645,3623346974.9369626,2.533333333333333,-0.021306323918244757,-7.650363908089755,4.328940888300852,4.327896875929064,4.344837685690986,0.17611593376337445,4.317857283288213,25.028248513573164,45.62916242124553,0.026304942151702926,38.194651429247756,0.04398257104974052,-0.18668049828124184,60.17911842787334,0.28744503284594636,-0.06261776522693471,46.17481804595513,4.326287182713603,4.323063844045004,3.9236188085932495,4.543606309095281,0.15648768350798678,4.32443028811267,-0.1232098109139692,3.3086230788366464,-54.00258888265684,-0.22137861960006996,50.28245655607664,0.06801487240645245,45.555555555555564,2231931445.633333,4.333678902938242,-0.004004692685524241,4.332003604004155,-0.7644626874932379,4.322148174285305,4.330061278238191,-663242.9853929433,-0.008238665262858073,4.424524342761897,-0.0015390073601502057,4.367154696955648,2592583.9202326457,-0.001071059500054234,4.350212709197109,4.32235701020471,169920200.00706387,4.254410934609003,0.5333333333333333,4.322148174285305,-0.06103833516438802,4.345827232996623,-0.26666666666666666,4.325849835077921,-5.509180926761316,-0.026664712036927937,-1.3283352948459446,0.20667247353635657,-0.059268592431293204,-4.013706737066572,4.324683680196805,4.340357079445159,4.329123366176078,6.084962079643913,1219.1026519278942,-31.062776363184874,-0.039534899710060856,-0.03658584553438815,-0.04995439665096468,-0.15131951589051296,0.06494647789942265
HSBC,26.992833201090495,1.1379948700798883,27.7343725547313,28.865833266576132,-0.3840212960305502,0.5331360169370787,66.72617241858613,0.6666666666666666,28.18936975027124,26.992833201090495,72.37370418344604,0.6957328484647495,0.004314898549622756,0.47714340243949965,1.5503748057268723,27.769986977820345,27.870093068336395,28.700678192159096,1259.872273422459,28.42661810557047,28.105490698637787,-729871811.4016715,461276455.4390783,2.2333333333333334,0.061750942327790076,29.591826227740892,28.79533332188924,28.821688808931068,28.18801106346978,0.53733336130778,28.810990744518325,25.329802765013465,67.28159686446267,2.070384995923211,65.72533886478557,-0.2347895371286491,0.7008271125362637,37.86203031692867,0.8753333409627279,0.8411880293463027,64.79591311387044,28.735557425781916,28.92299975077311,1.8981866907102114,27.895851066917633,1.348322457211644,28.945456913302504,-0.15437376810871575,3.367381422601772,-17.625500499287178,1.8412630455798173,58.200204250468495,0.023839617806516365,66.11111111111111,-176543310.83333334,28.03053681133786,-0.015966835021972454,28.651720175932066,1.2831107178514725,28.8665555106269,28.78963773595501,392747.04914795223,0.1186666488647461,28.32140262856837,0.004434195458535994,27.4635098945829,-604904.9208337307,1.494426659359554,28.221534900292042,28.867999998728433,62591501.89150492,29.147534071828478,0.3333333333333333,28.8665555106269,1.5559998830159505,28.18346661249797,0.6,28.804333209991455,-5.451697806284413,-0.14968680103410403,5.861687138882169,0.45077189544339985,0.03710512678786445,13.369248271404688,28.866416645050048,28.172589941372014,28.8700955001754,1.9483818897178824,850.5358189965843,84.62971731665498,0.002372871010990485,-0.031127154282128866,0.15237723580136509,0.037675175082092505,0.02634924055160348
SQ,252.15583267211915,8.799452530472369,249.05264578361695,247.99251530965168,-0.7219536269584527,9.0715817927407,59.69144936193631,0.5666666666666667,249.34330363969008,252.15583267211915,50.48394018701915,0.003997249283436544,-0.003352960961123862,0.24559823789538396,-3.682876856186809,249.88382147921422,248.81944135640214,248.66929890237554,1134.7090861085032,248.85638059673892,249.13223965962732,4342388654.754017,762315050.8472881,2.433333333333333,-0.009778779602836333,-4.7259380407520855,248.38853123982747,248.4485842624508,249.1798544650608,9.548196919759114,248.20482827673138,25.034049032788108,62.44355596197949,114.91847753443513,55.83552551528293,-3.0031853123715053,0.08698403747418532,48.043655540850274,14.36639404296875,-1.4453459780440379,47.63703097962396,249.117755590865,251.13999806722006,3.7212372779663307,249.97579408903565,10.660135146365901,248.6712327571275,-0.3444886492428663,3.32428148763004,-51.772527686506855,-0.12180192441667623,47.52199976629507,-0.2039440407782685,61.94444444444444,1794113626.8333333,247.5937075488538,-0.19170242309570243,248.4638564885635,-0.3238032944616774,248.10590972900394,248.2405009774844,-6750212.622006518,-0.8373331705729167,251.27624879509528,-0.00290315495998195,248.03482318957938,-1263339.1004479725,-29.34410401353498,248.84391489101287,248.33269856770832,1726725173.3584697,247.68986673044398,0.43333333333333335,248.10590972900394,-0.32066650390625,248.95779886881513,-0.13333333333333333,248.0709986368815,-5.502191868455812,-0.051366004122698886,0.09228922904310745,0.26703565421406844,-0.06998381803732157,0.29543213698248766,248.25597432454427,248.40462219774187,248.67114464345602,7.246712956865857,1245.1499619057024,-7.6255068965464154,-0.019791007014247408,-0.05452051506566491,-0.06193413178359808,-0.001773631240562068,-0.08905648765977381
SQ,252.15583267211915,8.799452530472369,249.05264578361695,247.99251530965168,-0.7219536269584527,9.0715817927407,59.69144936193631,0.5666666666666667,249.34330363969008,252.15583267211915,50.48394018701915,0.003997249283436544,-0.003352960961123862,0.24559823789538396,-3.682876856186809,249.88382147921422,248.81944135640214,248.66929890237554,1134.7090861085032,248.85638059673892,249.13223965962732,4342388654.754017,762315050.8472881,2.433333333333333,-0.009778779602836333,-4.7259380407520855,248.38853123982747,248.4485842624508,249.1798544650608,9.548196919759114,248.20482827673138,25.034049032788108,62.44355596197949,114.91847753443513,55.83552551528293,-3.0031853123715053,0.08698403747418532,48.043655540850274,14.36639404296875,-1.4453459780440379,47.63703097962396,249.117755590865,251.13999806722006,3.7212372779663307,249.97579408903565,10.660135146365901,248.6712327571275,-0.3444886492428663,3.32428148763004,-51.772527686506855,-0.12180192441667623,47.52199976629507,-0.2039440407782685,61.94444444444444,1794113626.8333333,247.5937075488538,-0.19170242309570243,248.4638564885635,-0.3238032944616774,248.10590972900394,248.2405009774844,-6750212.622006518,-0.8373331705729167,251.27624879509528,-0.00290315495998195,248.03482318957938,-1263339.1004479725,-29.34410401353498,248.84391489101287,248.33269856770832,1726725173.3584697,247.68986673044398,0.43333333333333335,248.10590972900394,-0.32066650390625,248.95779886881513,-0.13333333333333333,248.0709986368815,-5.502191868455812,-0.051366004122698886,0.09228922904310745,0.26703565421406844,-0.06998381803732157,0.29543213698248766,248.25597432454427,248.40462219774187,248.67114464345602,7.246712956865857,1245.1499619057024,-7.6255068965464154,-0.019791007014247408,-0.05452051506566491,-0.06193413178359808,-0.001773631240562068,-0.08905648765977381
SQ,252.15583267211915,8.799452530472369,249.05264578361695,247.99251530965168,-0.7219536269584527,9.0715817927407,59.69144936193631,0.5666666666666667,249.34330363969008,252.15583267211915,50.48394018701915,0.003997249283436544,-0.003352960961123862,0.24559823789538396,-3.682876856186809,249.88382147921422,248.81944135640214,248.66929890237554,1134.7090861085032,248.85638059673892,249.13223965962732,4342388654.754017,762315050.8472881,2.433333333333333,-0.009778779602836333,-4.7259380407520855,248.38853123982747,248.4485842624508,249.1798544650608,9.548196919759114,248.20482827673138,25.034049032788108,62.44355596197949,114.91847753443513,55.83552551528293,-3.0031853123715053,0.08698403747418532,48.043655540850274,14.36639404296875,-1.4453459780440379,47.63703097962396,249.117755590865,251.13999806722006,3.7212372779663307,249.97579408903565,10.660135146365901,248.6712327571275,-0.3444886492428663,3.32428148763004,-51.772527686506855,-0.12180192441667623,47.52199976629507,-0.2039440407782685,61.94444444444444,1794113626.8333333,247.5937075488538,-0.19170242309570243,248.4638564885635,-0.3238032944616774,248.10590972900394,248.2405009774844,-6750212.622006518,-0.8373331705729167,251.27624879509528,-0.00290315495998195,248.03482318957938,-1263339.1004479725,-29.34410401353498,248.84391489101287,248.33269856770832,1726725173.3584697,247.68986673044398,0.43333333333333335,248.10590972900394,-0.32066650390625,248.95779886881513,-0.13333333333333333,248.0709986368815,-5.502191868455812,-0.051366004122698886,0.09228922904310745,0.26703565421406844,-0.06998381803732157,0.29543213698248766,248.25597432454427,248.40462219774187,248.67114464345602,7.246712956865857,1245.1499619057024,-7.6255068965464154,-0.019791007014247408,-0.05452051506566491,-0.06193413178359808,-0.001773631240562068,-0.08905648765977381
SNOW,316.2540003458659,11.710539914731624,320.2819842934495,329.11530888875325,-0.6900459703072859,10.704921744768969,66.51763637188716,0.7,323.20749821861585,316.2540003458659,60.02199935263274,0.48401669213206705,0.004737359017294821,0.41432089524527754,13.744227863386566,319.71011440332217,321.42257445142303,327.430451614293,972.4333499383101,325.3206171394117,322.8068870261863,636227670.2451718,56536568.6540556,2.1,0.03933458408736002,20.43559162072462,327.9907999674479,328.4585615283791,323.35460940890846,10.384967041015624,328.4509723861228,24.63564263349961,64.29087779453548,212.50460798818366,70.22884028631596,-5.940552962453742,0.36692768254950625,48.515382180047624,17.06932678222656,5.881309698381997,60.21779581036231,327.2722124036851,331.2159989420573,3.2049043915173376,308.6512220643044,14.060859474715954,328.92291654692116,0.10149098558590054,3.3459503805961814,-30.29524453297118,0.715505437672342,53.89081679821224,-0.2873047497300255,63.88888888888888,107984217.83333333,323.52416595691426,1.045598347981771,327.2351393977523,0.9795283932626596,329.021189710829,327.1466740234354,3757110.9408040144,1.610999552408854,324.109716429435,0.004941294352295219,316.18681948713487,770208.0752358327,365.0364895122853,323.9819266521946,328.8329513549805,716678099.0469462,326.14235499911774,0.3,329.021189710829,11.308669026692709,323.5288316853841,0.6,328.59216664632163,-5.4706617437707195,0.09792654485366285,3.631294685278016,0.325406169465274,0.12852649782446715,7.554132241761701,328.75505879720055,324.4800421556775,328.658515021841,3.4137439346744944,1072.4347759146283,45.410627115655885,0.008821885542563468,0.044136538569395034,0.11199822059805653,0.4651848316052136,0.24514716244161439
QCOM,134.188224029541,4.4796027391221775,130.48227061159545,132.25249894460043,-0.050345719957006395,2.796753726962796,40.67753386820107,0.5,130.29904533127944,134.188224029541,43.271426258547116,0.009808671250815615,0.006566343754975955,0.5052196834036399,-4.326064773930036,132.35100919084337,130.73863245296545,131.1252497630292,1051.636617050127,130.8607808153557,130.48509173923065,44040819627.95412,2870622136.8512745,2.566666666666667,-0.006124405985913698,-13.025224501624425,131.8616662343343,131.28272754173256,130.46566577487522,3.5506678263346356,130.6128126187292,25.041418567291167,37.32915663974622,31.452018846789137,44.117770988042295,-1.0682629635459506,-0.0573957962138536,41.39587784632458,5.766672770182292,-2.4050561725583877,43.48738774918778,130.66101131900328,132.67933283487957,2.128342354831223,132.6122922971315,5.409355811767531,131.41943600504163,0.587572557800487,3.313108920008804,-45.81721369728772,0.4473031336989051,47.78553719991659,0.13536400732934198,42.222222222222236,2609826226.133333,129.71291030424197,-0.14831761678059893,131.3263065720494,-0.19995721278875725,132.25099902682834,131.65612969882807,7922872.544810646,0.9716664632161458,130.41649271427875,0.006922883268344612,131.500323040372,-1454927.6394121011,-5.353440279334331,131.24597988835907,132.24799919128418,1280555356.7723622,129.03907381280396,0.5,132.25099902682834,0.9786656697591146,130.6912657674154,0.06666666666666667,131.7711654663086,-5.493302657340309,-0.1423794153969317,0.8665345804402992,0.5011117351036841,0.0525135776615041,-3.607002371747255,132.20137437184653,131.0719208758799,131.1618732290557,5.599482311983522,1892.6331265771312,29.69622411664834,0.004797850338149168,0.19046539652727823,0.1800015521298397,0.10854588132288212,0.1202997025988819
INTC,53.43109811147054,0.9115237197875977,52.9558218571532,51.96118663263578,0.5838041536893112,1.0684912952929462,57.50112316842911,0.6333333333333333,52.466642281909785,53.43109811147054,43.572492033586556,-0.01245964066201047,-0.0018621345159502726,0.2817996885933577,-1.0160360837062588,52.782895348273556,52.83660182447743,52.08479424156663,1433.3650296278545,52.312830514618845,52.58366970486111,9379476136.816414,-215632348.2615372,2.2666666666666666,-0.022066360344274855,-8.637989909490008,52.00625036730277,52.00608457600399,52.49953511979845,1.1391831401054895,52.04426061057044,25.4347517981736,55.09822664862809,1.9261736250889674,40.99506129915603,0.9338640614559771,-0.24435400856047995,49.24451819641627,1.773371666421339,-0.4141018296918299,45.681005045255006,52.035723275823905,52.2910275777181,2.1617592078280277,53.596015899883504,1.1824222016365944,51.88876100679182,0.12371713847649315,3.30059775722891,-57.578590822583834,-0.7665491091609321,45.417893451092475,-0.4451351749045411,58.055555555555564,12237766340.766666,52.7520777822054,-0.033720598133170125,52.13468008063612,-0.5961659832785423,51.95966445223833,51.83636778998967,-19477216.30101051,-0.09751841227213541,52.65647583175288,-0.0015475658776889834,52.55530673958764,-6593607.3707863055,-0.02373363945631262,52.47615690792954,51.95662009144343,1521047144.301231,51.89030883274923,0.36666666666666664,51.95966445223833,-1.5533982594807942,52.53659715016683,0.13333333333333333,52.014512379964195,-5.5240011301252006,-0.07041429194779115,-2.8681241767940318,0.28019093895322006,0.018439557239615625,-4.383490707097169,51.96298205622772,52.20708264007788,51.94330382799862,4.434292298518302,1454.2916110369615,-29.136162233439585,0.006170333364591052,0.04908349181013283,-0.05352299594145615,-0.09065836042563025,-0.1669707160833407
DESP,11.964666573206584,0.46606884256998693,12.169990639368644,12.12383331457774,-1.1140200270454816,0.4660529162548146,57.24244222693303,0.5666666666666667,12.137658834519486,11.964666573206584,49.44694185039891,0.14620021486546295,-0.0010166629662482403,0.4066418218107329,0.16322204000809623,12.09728959198951,12.156845250099224,12.11944933535571,983.6610881173827,12.131569682612561,12.14635183457975,-23064542.396155436,2915317.132484156,2.3333333333333335,0.006273964578722305,0.03149002885292216,12.140999905268352,12.119552896520274,12.141366648144192,0.44583333333333336,12.143685618459822,24.40187486493376,59.101807142883644,0.3059900981809784,52.27006504647441,0.22073683487741577,0.10309990176293903,44.39962003371195,0.7286667505900065,0.111623917074285,50.015745014426464,12.125026356553859,12.157333297729492,3.75991606039477,12.327244635964373,0.5458968899746405,12.116567173853156,0.03323196975946095,3.3212655647915037,-51.54739641468559,-0.13018637965294444,44.34877173795319,0.1955633519643677,58.888888888888886,-387841.76666666666,12.18925753601882,-0.010366627375284609,12.121652671840641,0.3161676631516921,12.128888861338298,12.099946945711817,6674.130074656163,-0.012666638692220051,12.02450028675364,-0.0007329490082460126,11.987335829939127,-119866.40560916469,-0.6295580052198329,12.124564869579087,12.138999954859417,4394721.455062739,12.337045343634493,0.43333333333333335,12.128888861338298,-0.08633333841959635,12.144599984486897,0.06666666666666667,12.11499999364217,-5.506222115115834,-0.0672412325703181,-0.39048234061048503,0.27960564686699313,-0.0773095935704006,2.330458180960823,12.131166625022889,12.114060745863899,12.112040054083673,5.789382870645912,979.36257743564,14.930598887834368,-0.005882327484718397,0.05813949917598449,0.0,-0.09832316868180035,-0.14275364056526907
BBD,3.8826035261154175,0.14994046271288836,3.790391257373478,3.7387530237194118,-0.43378939349562445,0.15426783173987527,48.41344432538951,0.5,3.7691572919953615,3.8826035261154175,45.16056051741823,-0.16992364826910508,-0.0016482417340738201,0.1492121225526094,-0.18923281612579607,3.8350101216032524,3.7883901204804986,3.7479274302930183,1151.126029203413,3.7594330173550228,3.7738343037940836,4005993769.335785,2369948323.116236,2.5,-0.03552925630248129,-13.551290283713675,3.744548393138309,3.7410106477698597,3.769883473979102,0.1630532607602532,3.7268616467357902,25.08990003745632,48.247072290534305,0.03780610476734812,50.11436280404637,0.03929674499913266,-0.2555223411716427,58.18837751438913,0.25606660107619283,-0.09396669553895282,43.224354858143165,3.7414168759056063,3.736837396621704,4.192489874722493,4.111600006135867,0.18180318535714698,3.7384768281702283,-0.08806116125313203,3.300279201310907,-58.47476743621898,-0.34851739370885454,47.18423604340509,0.22961529153252597,48.88888888888891,895406170.6,3.748788536909559,-0.0037986435120464105,3.74874794966691,-0.9857920268675687,3.739613788625427,3.749691049559516,-318142.4345941999,-0.006099716822306315,3.8700176011618157,-0.0011462685487425572,3.8041547025774514,-5149208.741766342,-0.0040661383548163624,3.776316080237182,3.7413353184374594,142634604.17310178,3.670502765514655,0.5,3.739613788625427,-0.08700034618377686,3.7706632709503176,-0.3333333333333333,3.7392205874125164,-5.51668943887465,-0.06940457634114322,-2.205346277187867,0.24995371379228673,-0.07286483693178814,-6.675322354136292,3.7405024503045765,3.772295267248676,3.7418889424937336,7.634053774976417,1264.7248675712137,-50.33568726003866,-0.008356538191369944,-0.047325547838700466,-0.07361608559057253,-0.28758992126128513,-0.1434986049370578
HAL,21.934242788950602,1.404148242102729,23.317620633863665,24.50037495295207,-0.5674096550982869,0.8658628478164664,65.00936560028526,0.5666666666666667,23.787283794457714,21.934242788950602,69.71475819085866,0.47533487234859967,0.005395862908806268,0.4363272608337407,2.4221504832079974,23.063783981629243,23.428997918509943,24.316305998719525,1011.8262910695167,24.032884781577373,23.699046232082228,-493225323.17859197,774862495.8169267,2.2666666666666666,0.0982532485583739,30.97195573493792,24.435333315531413,24.454864447070698,23.78607771343655,0.9068333943684895,24.533165218877674,25.609654882006144,66.06892476747136,3.0472771001417303,60.63720082532312,-0.022263135408100293,0.5322936988355502,44.15096248300388,1.567333539326986,1.2629871087196543,65.48597786746896,24.3962270300729,24.59399987538655,3.638413023378044,22.733459404352228,1.6759202864264138,24.56981258287457,-0.178096180130972,3.389414532896258,-28.089318111818837,1.3139843108095808,53.28040336066779,0.22233854749295412,59.72222222222222,850734754.0333333,23.784170466859823,0.05879991531372082,24.265995271945055,1.5649364209262826,24.50494439866808,24.40695365259447,1839541.9825964444,0.12300001780192057,23.73713559718965,0.005682944354327339,22.40488587528195,-361940.3829843322,1.0468219804131351,23.762517740796035,24.514083290100096,260158485.66322905,24.989331060576287,0.36666666666666664,24.50494439866808,1.6726666768391927,23.78116659800212,0.3333333333333333,24.425166606903076,-5.4387167424678005,-0.033200252051393105,7.891721038269065,0.4118423473191947,0.046890786343765506,21.939245555410697,24.498541641235352,23.8507327321777,24.491871637543447,2.2856888822244583,1682.1477676143684,68.3061098586912,-0.012653285511602275,-0.029914547964668525,0.20686315460705806,0.09618312216966407,0.24382477444559902
T,26.570028273264565,0.37809545658252847,26.253473664016617,25.913620626237837,-0.1260846690912496,0.41129515865521554,48.33797610156624,0.4666666666666667,26.109368774543206,26.570028273264565,40.79228487846725,-0.3092546987269366,-0.0019515990597158072,0.2307686590187406,-0.5674168817138067,26.28430580000066,26.212653955698304,25.95442009314411,1220.6240961532947,26.037455576116386,26.13733689520094,-4467913324.600549,500173836.69437313,2.566666666666667,-0.021645918993887934,-17.073464388228242,25.96788099613832,25.915943167563842,26.1117615614997,0.4458293276507064,25.90464227253565,25.851652337882626,49.06674106166825,0.2377427034668645,46.222151023856476,0.14549408962852048,-0.387595035606838,53.40403263479398,0.7197568672984356,-0.29064127807943263,41.46326780588588,25.940611890296797,25.949314371744787,1.6534917914397258,27.009805759627543,0.44811259610203674,25.879607141996523,-0.010651210618856448,3.306145314063392,-73.47711827614624,-0.8062095942848304,37.14673154257253,-0.46868421319353504,48.05555555555555,2836543411.8,26.13398001611496,-0.06961085151243657,25.96452872314098,-1.238941551840298,25.92319576913363,25.89343935636573,-3189722.47158971,-0.05044752756754557,26.386284712431564,-0.0018840576494572566,26.243939110808622,-38572532.45595863,-0.04545367761251023,26.105941574196596,25.94234605492522,1180859704.7516546,25.927234567295468,0.5333333333333333,25.92319576913363,-0.5096984227498372,26.113845202128097,-0.3333333333333333,25.910118961334227,-5.516164007421927,-0.25951790720605017,-1.9179032628574,0.23500371918995988,-0.12388440760104232,-4.379920390577187,25.93142380664909,26.096184664372263,25.9059277788798,3.3123995843268133,1241.672322540481,-68.85387145053446,-0.01114201307789986,-0.02126817728081043,-0.06694861238889116,-0.09992979237884103,-0.09495979368946994
CVX,102.06433308919271,3.604690625226056,105.44149549572187,109.33608328501383,-0.685053007031194,2.103541169440493,69.14420821032515,0.7,106.99429937154055,102.06433308919271,73.87596735032801,0.8673534942144894,0.004383881268595307,0.4709662718097017,6.440463721755079,105.15437344546011,105.88018857194166,108.75846492985468,1144.3173434771052,107.81740606134589,106.70841657144051,2710092261.140693,1913470495.6985884,2.1666666666666665,0.061021812100630804,36.044155783122314,109.07349980672201,109.19392141146396,106.99107769436309,1.9236661275227864,109.28179343392567,25.044615749702817,69.34874461440354,19.819423584388655,68.33968491123115,-0.44865778872841355,0.8377761558664947,40.520650640276514,3.2999974568684896,3.323741624294183,68.02207789156115,108.92024255270486,109.62266723632814,1.8949157867732174,104.3297594381532,4.289086989162521,109.57720945964292,-0.10211219490577213,3.3655008848587733,-13.288874885334655,1.6124643471173585,58.18974306635731,0.25664309109431144,70.00000000000001,1839843356.6333334,106.74774295117469,0.1803337351481121,108.60373901153778,1.7259932046672821,109.32166654798718,108.85224712607352,5193787.984247007,0.47133331298828124,106.67819590177133,0.004456516094409202,104.31264511197095,1252612.1962192773,8.41579602845192,107.0509741607525,109.29283307393392,1135871167.5308733,110.58624828410767,0.3,109.32166654798718,5.427666982014974,106.98279993693033,0.7333333333333333,109.1436668395996,-5.456335602904077,-0.02691947694180721,5.319564726919716,0.4270126204835571,0.05339860566261988,12.912036551056445,109.31183312733968,106.9485177555844,109.33626206780123,0.9532371559422318,1621.9623282895818,109.18611874859405,0.00043771162518790874,0.009273939330882941,0.14671344599418523,0.1152793964313068,0.2086630233526987
WFC,46.84347031911214,1.3381837994610821,47.65934554549711,48.72451956046109,-0.7017945309238084,1.2784007967037105,54.24555852732462,0.43333333333333335,48.09886406064034,46.84347031911214,63.050666252226975,0.4303947515324939,0.0018368375098550447,0.2586174287390203,1.5049349759451662,47.64354618118049,47.77416421566463,48.58999566706174,1283.3214605878673,48.325227848399784,48.01755787178322,40340985571.649284,2322448860.175281,2.533333333333333,0.035351230317267585,15.404365559957876,48.64360296768589,48.70911319550664,48.09728541480171,1.2652126397070758,48.70817293428885,24.946845159554208,56.0121949013178,2.6883555197887974,57.89542819103988,-0.45195396824886896,0.4714186495447102,48.65473388244188,2.0561206263806344,0.8853784544855104,57.70218277997893,48.655709582597794,48.9077335357666,2.616589702572074,46.946413128248416,1.6264162291460684,48.846887808412916,-0.1497958101333209,3.3506796588134846,-27.87549066381774,0.7403222734351064,52.20624197865736,0.06764077319968846,51.11111111111111,597029797.8666667,47.88972947199696,0.06388878382021354,48.53815144092053,1.0854458460933172,48.72406788630597,48.63890401041393,4170007.5199230057,0.09014358520507812,47.75899773774505,0.002010860874061974,47.40813657679563,2283019.9695824306,0.6488707959598999,48.10636573833428,48.72316453799575,1258649920.0811198,49.055006612951935,0.5333333333333333,48.72406788630597,1.4816190083821614,48.09299732208252,0.3333333333333333,48.680802790323895,-5.473742012254788,0.014066007569084231,3.1557895240379263,0.3043993431928824,-0.008053643527011538,8.5529874721789,48.723737233064035,47.959685218531554,48.757052260247946,2.516943863558091,1571.057815624369,61.85072754349472,-0.010669238510194523,0.01864134513509863,0.07151343397825971,0.15239248413140416,0.367983019411809
SPOT,236.41516774495443,10.627588511149089,240.0805638379823,252.86708450317383,-0.4521021085971222,8.08574950524936,57.2867957961025,0.6,244.19206670920053,236.41516774495443,59.08739727127638,0.45373728702957977,0.0075883719422043545,0.46231610535744416,10.360590744018559,242.78215309408458,242.13879057289074,250.36715416782437,967.7908138530814,247.3017289780126,243.7012977882668,439766750.1102087,70230739.86117768,2.3666666666666667,0.05286673660203012,18.27298850978719,251.63870086669922,251.68397693820728,244.4382126871745,9.345933024088541,250.6464424622286,25.702735559512643,56.18340960122488,197.88265063338284,62.3658234918186,-6.545632332249692,0.332719904599582,43.11706423906715,15.323129781087239,3.542541536510502,59.13649425489359,249.5202540772826,254.6093352254232,3.328030959862758,241.76385789520018,13.043663350322264,252.38939993487287,0.1752757507654813,3.3537282041897867,-31.89389161073353,1.2636098555412334,56.03307277876953,0.2618800162596912,57.77777777777778,97404126.13333334,243.39742134127118,0.7965028381347656,250.08785493935179,0.8283165231022894,252.78400099012586,251.22181816478874,3830056.6196862566,1.9616663614908854,247.90817936779774,0.00793320809992922,239.1923447371358,655076.2837090793,810.0582925260641,246.13131529453867,252.61783396402996,323416530.85361737,247.7564528786214,0.4,252.78400099012586,14.92100118001302,244.7473015340169,0.4666666666666667,252.13550186157227,-5.446831943884032,0.11064348712122744,6.208318650792933,0.37001082719322853,0.11598837603864258,8.597995548551799,252.61366704305013,245.9542551224732,252.12299667255644,4.7654302636285735,1121.46103932565,64.7548048138211,-0.006099689167459621,0.08665845583159815,0.2652603031878831,0.07043791165317059,-0.187332063902663
GPRK,12.885499922434489,1.1881489248628971,13.728676405378101,14.573041701316834,-0.3656613560848632,0.6877178429027407,65.88332493090846,0.6666666666666666,14.04571030382067,12.885499922434489,67.8594963789503,0.20266544451354995,0.009498205348388347,0.43854365833621983,1.662842932817943,13.57434190199182,13.813393216774983,14.439051757974546,1067.870877917097,14.234472748727512,13.99094446235233,-13308553.815769875,10282100.25553683,2.1666666666666665,0.11961459489735386,33.280493142093675,14.499166679382324,14.540950147596128,14.050888907114665,0.7934999465942384,14.58635067735295,26.00724229190029,65.24373919155589,2.1831608513839424,68.86540390390377,0.008684221066926656,0.2664716693319578,45.88285223551634,1.3556667327880865,0.8506474484745254,66.64024657104684,14.476045449085726,14.660000031789144,4.962107219851254,13.572387825975033,1.3978084670185107,14.61551633880189,0.13425617662514236,3.397200817373551,-34.0382065711768,1.3053252062121379,54.04570136224665,0.12202041424110607,65.27777777777777,14920193.5,14.071865160409244,0.11043338775634785,14.410829863514937,1.3640783386187438,14.565722253587513,14.547035402841093,58262.35168639176,0.12066669464111328,14.476508542240655,0.00997602140041182,12.773992979430496,137197.08709363776,23.164678366313645,14.056250346455185,14.551083358128865,4081123.725810051,14.968729827139292,0.3333333333333333,14.565722253587513,1.2006667137145997,14.054900019963581,0.13333333333333333,14.534666697184244,-5.424186302534603,0.11678454902445394,10.629714562096126,0.48592722100407915,0.12450683931681361,26.37471948890483,14.54804168542226,14.103712112178448,14.561824263145628,4.438904171340466,1110.3725376748569,35.881617486883975,-0.023696707557361862,-0.07741522900111986,0.32658695750779887,0.15887871776462026,-0.08138975105770296
BIDU,159.555335744222,5.841389668782552,161.80194177985638,163.18814811706542,0.01672981117357888,5.338885270041075,50.32690487842883,0.4666666666666667,162.45017984211444,159.555335744222,53.61683032727056,-0.12720631855728104,0.00035154675422260906,0.3496739777809014,3.74383424646714,161.2979722589135,161.8718145573747,163.0847301776309,770.5562633160296,162.72616557728162,162.30971494604037,19873393980.673416,587114118.6775712,2.6,0.01917358623603998,4.950189213760029,163.14933319091796,163.26015025451582,162.43385757446288,5.501590474446615,163.43545328333283,24.938467475924938,52.498361237268874,59.03935689597475,49.780730966486935,-1.4026581613641051,-0.027893998596505497,44.61611199414947,8.365848286946614,2.0282765738984474,52.47509460688002,163.3358878021799,164.78500254313153,3.2733714999615913,163.09473722529773,7.454703588656134,163.4650813219989,-0.10680137385052928,3.336687971496531,-50.70238217534038,0.27792902409203024,51.31135675661042,-0.10264221631024001,51.3888888888889,2810616583.8,162.3759627694298,0.052510121663411444,162.98804146648843,0.4333640786556069,163.1928636338976,163.67144225792177,1649000.3034373212,0.05533294677734375,164.2461950029536,0.0007011472793539419,159.69835505696858,584062.2914357026,5.624818771986201,162.28100013773175,163.20229466756186,589664220.1412181,164.5173344334493,0.5333333333333333,163.1928636338976,2.2110000610351563,162.40603525797525,-0.13333333333333333,163.14633509318034,-5.489158075965722,0.016967909650828047,1.7197582903995785,0.3338287412137057,0.004698164023806569,5.3400422116319275,163.21754506429036,163.08431824272253,163.32760768338082,4.948270139847775,1689.214732391645,-1.6964580862220155,-0.019997673998565446,-0.02011494699114369,0.03235565768074311,-0.2021837114735292,-0.4923864584297507
SHOP,1445.0283365885416,51.159478895399296,1412.2598071309935,1418.2766398111978,-0.873142612147086,48.45275874372829,57.65149048572037,0.5666666666666667,1411.0865004221598,1445.0283365885416,47.562123249113455,0.1485792770724356,0.0018860651621220084,0.3188489516956816,-31.536658600451908,1424.5638825018057,1413.9525937724163,1415.525546286793,1102.0289835740086,1414.009054879853,1412.2117598922164,1205410267.509656,181531126.67550334,2.433333333333333,-0.006754202241754585,-5.7550247982346665,1416.3459126790365,1416.132928693122,1412.0769893391923,53.42882080078125,1411.567512706817,25.16062546993502,58.68585044960657,3802.252372164462,48.068734287887445,-11.440970330489312,-0.0043419429495428095,48.915523153358784,86.8324462890625,-15.658662844926864,47.12248760088267,1412.8444841210219,1431.6413338216148,3.518664808570178,1433.3575954175822,61.01461174012975,1416.7745926084965,0.15313791747085778,3.3166693834740637,-45.575815158219136,0.06530382807695964,50.25761680468712,-0.2429072832395234,58.05555555555556,199506496.03333333,1405.968480369834,-0.14109049479166688,1416.0207277951538,-0.29829877692791157,1418.0028523763017,1415.8058311333687,2698218.2825663597,2.802001953125,1426.5820486432947,0.002239683509407886,1413.758481931631,142327.9453134785,-2833.547213683201,1416.4213266896363,1417.4552775065104,1442764247.7282388,1402.4972536617342,0.43333333333333335,1418.0028523763017,0.6133341471354167,1413.343600667318,0.2,1417.697001139323,-5.497553342781662,-0.0035865394199048116,0.21359603918851008,0.3136229217253405,0.015146119012345785,-1.695914281964341,1417.8042205810548,1409.8980691362399,1416.1683381873747,6.344928876391604,1438.6912439489088,2.7041187046805977,0.013007385008413586,0.12536656891495612,0.04177982207744213,0.03815826375454101,0.09816993219752224
AUY,4.094861173629761,0.13539992184109156,4.124822702102114,4.133577025921117,-1.052844764274217,0.13946514987922606,48.555024524893284,0.4666666666666667,4.127963343402371,4.094861173629761,51.73888428302714,0.03236073351090182,0.0018958531575218281,0.36085222917819665,-0.011944329553466604,4.12819321748307,4.121731678712529,4.127564074543569,912.4028213300539,4.127496702165315,4.126433934105767,4121104700.0440664,-1368849479.5146701,2.3,0.004006858649853643,0.01393669431080075,4.131321967622356,4.128181664347485,4.127085363864898,0.14063636458792178,4.128027132311787,24.724899361953863,47.51290146977888,0.0252376074245508,54.86292773165871,-0.01681079425309835,0.028274059949937584,52.26686309717952,0.24160603675997058,0.00509035337684507,50.006968347155386,4.132748897765582,4.13666665871938,3.3303084703654915,4.2087410469951,0.1583670107431882,4.134141487306158,0.10718728427396608,3.3266558798509496,-45.927551484063216,0.08519406776373507,47.212448371954196,0.16501313225577116,41.666666666666664,43224368.06666667,4.112969229474688,-0.0060954908178861116,4.128566279833689,0.08007219194033609,4.13365825678371,4.121442879848636,-24021.306892150213,0.007666659355163574,4.168607013329673,0.002173858372437317,-0.24235816157229773,-2489830.7061750493,0.0034758747518499034,4.124953633200781,4.1338207185088995,50623262.57624315,4.116698801153369,0.4,4.13365825678371,0.023027753829956053,4.12633006175359,0.2,4.129500003655751,-5.498447041993768,-0.04377091780766309,0.7403112636477758,0.27698720349361855,-0.029235709962457477,1.7040996346233521,4.134408474458065,4.121519626015734,4.126960879841236,4.857719797728357,1556.8723476360387,3.9180027668526236,-0.004878044241882984,-0.05990788473286135,0.030362135647626243,-0.021155951761476666,-0.07127113033928101
PAAS,24.57198429107666,0.9327670672381367,24.490163482151974,24.861749919255576,-1.2792054508536708,0.803213034545624,52.617613055341714,0.6,24.602987497424085,24.57198429107666,51.99968353330267,0.1221614738727491,0.003442261745134151,0.37356950436029757,-0.00417705329880178,24.665506846309246,24.539582410717074,24.76346057756526,760.9194120097399,24.68368471319025,24.587453566657175,1060284043.9125344,-198141438.20128018,2.3,0.011481597995707063,1.3743062750025092,24.84650001525879,24.7964900651712,24.607488753000894,0.7943332672119141,24.741895772278724,24.635776719413577,51.82074785136928,1.1435432151412275,51.78646614926073,-0.33694743106239744,0.17005040310716021,48.290198527847785,1.4329995473225912,-0.003429506171463122,50.687153137501255,24.749663604904004,24.929666557312007,3.167638087649674,25.281048198480406,1.0656062363405703,24.842581278331014,0.12412339798760565,3.3308648626169397,-43.1367878505927,0.3789669272949295,45.7752546894232,0.10701867745633296,54.166666666666664,144952425.73333332,24.483420919811934,-0.022633501688639163,24.76009310386676,0.18293347900681486,24.863222164577905,24.764832173552268,48562.23129801314,0.0849999745686849,24.540253496525015,0.00360077088508914,24.494078852519284,-515609.64711387554,1.9509778038867442,24.66167144102892,24.866166655222575,41909978.71330515,24.762806631464482,0.4,24.863222164577905,0.43199996948242186,24.615099862416585,0.06666666666666667,24.814833196004233,-5.484977493998779,-0.10384724648774149,1.933266376448438,0.3409750568377389,0.0010337557139886674,2.2519147989483175,24.86133329073588,24.595831044846257,24.807557114623606,5.4063623796981135,1788.6725340120327,30.01464841033801,-0.033574940538167786,-0.044150946275243186,0.07695575810862376,-0.10058514651619765,-0.2284386549737213
MA,349.0245829264323,6.032757360387732,350.2670635445681,348.2085952210248,-0.8648776157590078,8.439630049558113,49.72490626416702,0.5,349.59214655359585,349.0245829264323,50.345195795528,0.016875647960779325,-0.0008415690627376182,0.2274756013485529,-0.42656027708405303,349.4290241864565,349.6839795488888,348.47372992738474,1380.888758939507,349.01231702399986,349.6349652043095,15181057196.395594,2280606987.099943,2.533333333333333,-0.002737993383072357,-3.5545266573526413,348.6091095600825,348.28501128242914,349.5383102077909,9.809864635869493,348.60913486718584,26.20134866067676,50.30189926426849,52.4975254515711,48.96879948475192,1.8233852988795194,0.026510069904085835,53.946763281827536,15.62643657462817,0.6313489734617027,48.22273667132367,348.91300592778805,350.54876810709624,2.597052072607901,354.4314603826964,7.11898477000777,348.396558949695,-0.043205216724213326,3.321596455625434,-50.29089406850984,-0.1375520165317841,45.861676200972944,-0.015820045498431252,49.44444444444445,2596223813.3,349.37881998646515,-0.7120062528706613,348.48399503836816,-0.023722962892702145,348.31512443857986,348.0948854610277,-5358609.803297857,-0.29726765950520834,350.9702879501278,-0.0006292662283513328,348.59248361237394,-1967467.1735516866,10.10178356383859,348.96580143742733,348.5281828736901,1506671147.754058,353.62755768581053,0.5,348.31512443857986,-1.9144439697265625,349.4545004272461,0.0,348.037641398112,-5.507163329915457,-0.1298776611414506,-0.49672515185276483,0.20172214804338118,-0.06409221292678426,0.5408104966495628,348.46588259760017,347.95156303658246,348.19750600692805,3.296583424367608,1149.5700852295222,1.096771908414468,0.034343174753528105,-0.015977004478717638,-0.031515188712786135,-0.06705639467036117,0.041467074456663866
ZM,278.0794962565104,13.91199324544271,269.159273576408,269.0791919708252,-0.649898016290101,9.188820500271568,43.44071638679837,0.5,268.7521653095881,278.0794962565104,50.420320926850195,-0.04601662814645866,-0.0009509170493955841,0.42081688404108003,-14.283039674945908,274.31580145216464,269.28493509444854,268.8376621692755,967.0302046803042,268.8649820593632,268.91355559737593,3446490194.064099,210767328.67075166,2.6333333333333333,-0.021470557849787002,-16.426919870053347,269.50256601969403,268.67996394203,268.8543222724067,9.121173095703124,267.0938182851234,24.329645024914726,41.170941238934795,339.63925740633016,45.60755784072596,-3.199762645520662,-0.0028605184327098656,48.694425036806855,16.10127970377604,-6.124922499697431,41.78654006497332,268.37572416983244,270.8573343912761,3.21228918151054,285.5853945580203,16.8986545738954,269.34526743275075,0.030113116719806172,3.312976379056163,-51.132997408974546,0.006296707600230518,44.16729725654347,0.3017585274319177,43.05555555555555,383461051.1666667,265.1959975602859,-0.026334126790364544,268.8741566620229,-0.19950407548393315,269.1621444702149,268.5429153580089,-5189797.099175196,-0.2553324381510417,273.4863527767474,-0.0007437161551647346,270.526436564783,-1492040.7552107791,-8.452850071382445,269.7165659156689,269.32804946899415,853023610.9466044,269.1372602677691,0.5,269.1621444702149,-0.9263315836588542,268.9491335042318,0.0,268.9580006917318,-5.501661195029431,-0.11745965896709475,-0.1434175456206948,0.3865778791985218,0.03914527755525443,-3.474454940191357,269.0483750661214,269.02749382858246,268.779189196243,7.783521993071093,1237.6941692478727,3.4852271085313284,-0.06679517647850342,-0.04244639074446743,-0.027454151408248806,-0.32379745290249207,-0.3461444159032665
BB,10.119500144322712,0.5445799802144369,10.088464802791936,10.386517532666524,-0.6339937029226732,0.5238013961970259,40.60599669405894,0.4666666666666667,10.183536566607653,10.119500144322712,53.860707094765274,0.027238558710680778,0.0020849852153985338,0.27292964411692505,0.0764687225865383,10.201408661931644,10.131748317766203,10.336365272594975,381.99913358327615,10.260109174323803,10.173666771252952,84821238200.69762,-1698154268.8519397,2.7,0.021578598027375252,3.597969819310679,10.410201708475748,10.366457357623336,10.192133435143365,0.52393004099528,10.319547313791057,24.628800921568356,39.06552386637243,0.43017669736507685,62.53139202591194,-0.1344473311775609,0.11639768480867899,47.037721252645504,0.8848601659138997,0.008683771149724961,51.79898490965533,10.322542931273743,10.41033339182536,5.023504099137028,10.511583995452437,0.6517274790454758,10.389772895049855,-0.16196655897556014,3.342980879102957,-51.00479966357363,0.460038520932294,46.67497613948567,0.4998132415889302,41.66666666666666,4378321653.666667,10.103108865596308,0.026600097020466344,10.322494237850877,0.29947345417814136,10.390578916337756,10.381695332845572,2328181.978531873,0.022333335876464844,10.237721604506158,0.00272687080559898,10.047792910387939,-1246826.3171785672,0.07736269717628079,10.235090925455884,10.398701683680217,105695760.58886051,9.909895451179771,0.5333333333333333,10.390578916337756,0.34499991734822594,10.199466762542725,-0.06666666666666667,10.3631667137146,-5.4682042935889905,-0.05494247619370687,3.728031830957566,0.29449025512513444,-0.07010558977439067,5.384199003309404,10.382017517089844,10.378845983325498,10.383575815239338,8.709301626964965,2322.0784880848473,30.87079194797366,-0.06382978723404253,0.017576278724144467,0.051625235170523975,-0.0916597595496389,0.03675780923115424
PTR,48.08542391459147,2.6066192140932434,50.15393118827626,49.9331124941508,-1.046737807269407,1.3059134833142134,52.409206156935596,0.43333333333333335,50.21341769769788,48.08542391459147,54.18943001913147,-0.26074785600847916,-0.00269370505029857,0.3919527610161734,2.8796096748405025,49.096105838522554,50.060880347964016,50.10895495187121,1114.4829697539483,50.135872492934716,50.17261085157042,309403067.7112138,100781954.4549963,2.566666666666667,0.0318499209009896,14.307989694298511,49.991225179036455,50.126329844223825,50.185555297003845,1.3762170155843099,50.47451220755409,25.66815295228362,54.30179457951158,10.061551306318345,58.37226479567733,0.3016317568327256,-0.08119149715808754,39.220675227472256,2.1527676900227863,1.5904863447205633,57.15399484714926,50.28759535848875,50.3493332417806,2.6742848307554543,47.63188167719669,3.0826397007222472,50.07777894682408,-0.3013740411919882,3.338100469664671,-50.07810502059746,-0.02244833960394518,52.49893644107523,-0.21655534162618537,51.111111111111114,56426732.06666667,50.74287413447801,-0.09690017700195266,50.07397647137409,0.47012070078740786,49.929038959079314,50.283010303438324,36294.824495485336,-0.12633336385091146,49.495556795659695,-0.0023808600582908936,47.93223243704306,71891.13875866681,-12.26875565383245,49.90993785870923,49.92089188893636,10614056.001786804,51.179208271076355,0.5333333333333333,49.929038959079314,0.06399993896484375,50.147833086649584,-0.4,50.00849978129069,-5.501412847545666,0.10261177779666157,0.3809577085172361,0.3909706551972494,-0.14550457230022898,8.547531385129226,49.97511253356934,50.11053463593722,50.11772305292713,3.911672055063089,1234.6140103052117,-19.982122092657402,-0.047181876115996446,-0.10739997863769535,-0.08281953949720788,-0.04212690391496643,0.34213700706578387
ETSY,217.962166595459,8.408262023925781,220.54062246491213,227.00484352111818,-0.2933446399453248,8.59515985930076,55.4932026190528,0.5333333333333333,222.71190808713436,217.962166595459,56.88412922421618,0.37180924708814794,0.005154803914951802,0.3590042310574982,8.415055299646715,220.22650194523484,221.00513914147749,225.627284266577,1151.367534414745,224.15950338652638,222.33886153609666,2841075813.255803,139668006.99449992,2.3333333333333335,0.04120169240716076,13.354219255411797,226.23556620279948,226.35279249819195,222.76920045640736,10.75533192952474,226.34479507894656,25.435550742538013,58.101404934838186,125.07591622119601,56.78738471187978,-5.748473960474918,0.2926902118978655,45.14777255808056,16.591746012369793,3.7617732349623965,56.677109627705896,225.93487362480866,229.8200003051758,3.968888403565456,214.02083678607613,10.520319232402693,226.99497658896283,0.19722194943101556,3.3519619529267577,-36.86168497538886,0.7276325081512162,56.06835272809245,-0.1465975126157339,58.33333333333334,315212641.03333336,222.095689833446,1.2507009887695313,225.56727760154885,0.6634370887780161,226.89679141574436,226.47015220881167,3091900.1988483053,1.242332967122396,222.43005367834309,0.0058190611584122975,217.18797503073185,891575.3417154053,317.21142634471823,223.08140794629338,226.68068720499676,523567233.24786174,224.8507522619934,0.4666666666666667,226.89679141574433,9.769666544596355,222.8460336812337,0.26666666666666666,226.70783335367838,-5.46916438090717,0.11027196668181807,4.6411166775910635,0.2925359621010433,0.10333597947004328,8.763196622830112,226.54855194091797,223.48135456908398,226.40988422226826,5.221883214211001,1165.8867957682062,39.2165170912381,0.10975559307932148,0.05841954777097591,0.17963844053579625,0.2939840081926868,0.17553625715174426
ARCO,5.185333299636841,0.1828125843118738,5.01801261008742,4.869958301385243,-0.9177107724336132,0.15726717329645354,43.881328194070754,0.4,4.95973957227543,5.185333299636841,32.01149113950864,-0.5463672244477864,-0.0027158334261525576,0.3409797812664275,-0.32012109158085844,5.058200025266816,5.003298489764617,4.892194027995606,900.403280137985,4.927975738409795,4.970416651831733,-105563160.34948325,-84467527.85073487,2.5,-0.053536906122130676,-28.157036070509417,4.877249948183695,4.8744472032593,4.959611096382141,0.15083325703938802,4.8627418173353005,23.923704209584823,42.355745173514485,0.04792495573915374,35.05618195402062,0.017526310368588153,-0.6196763262685816,49.2404473561041,0.2553332010904948,-0.16231196986304386,35.9214819647453,4.884693019713238,4.868333307902018,3.060567704122025,5.292172480038766,0.21778519481889622,4.862433338809651,0.0618911039497189,3.2843457753491205,-75.21398414998107,-0.8090967030948367,42.357846131995636,0.01615222942098561,37.777777777777786,-8929728.833333334,4.951737578049634,-0.0109666903813678,4.89766198149372,-1.449290391435794,4.8704999658796515,4.89775403047422,-14379.75666972926,-0.013666661580403645,5.069478522511896,-0.002538049906868767,5.022576056650448,-367064.94202141115,-0.3964734783599556,4.961736033258448,4.871583294868469,3958648.8784971237,4.808072500494111,0.4666666666666667,4.8704999658796515,-0.21500000953674317,4.959966648419698,-0.4,4.87516663869222,-5.53531797965295,-0.21255860699393436,-4.153090737309614,0.37930838731982697,-0.05687865132413337,-10.89928854843622,4.871374976634979,4.956821388251939,4.870968661966549,7.160465181880622,1070.6719378415723,-92.2440823440273,0.013015171592587471,-0.02301257922304878,-0.11047617594401038,-0.22036723627083077,-0.12546817549607137
CSCO,55.99451910654704,1.0671663278650354,55.32970782061086,55.51824914217529,-0.7447938258628757,0.9535899613231525,48.29430540386074,0.5,55.318127400179705,55.99451910654704,47.47865234616112,0.23942027250742476,0.000423607091681591,0.25657775749876055,-0.8931144071464866,55.67753631112522,55.393198051866946,55.45651747591126,1561.7821178350723,55.40361824266838,55.3463390138414,45106327614.17546,12836264715.629078,2.466666666666667,-0.007188966616177406,-4.575812006493551,55.47867816805988,55.471568787042045,55.345797814263214,0.9345503310480924,55.3306123807314,24.997384299832323,46.02550902781068,1.7145278434364883,40.14809925014138,-0.2204209879824986,0.09112746267969367,51.76084807392275,1.5318436793296817,-0.5352106893164484,47.712093996753225,55.35831201211,55.65758440653483,1.7252557916567268,55.8243077946988,1.2572030991988037,55.45529568104656,0.04980062086240727,3.317249006518586,-42.37256458344086,0.07814929952191343,48.703714271408806,0.16196818754179806,48.333333333333336,21602294442.833332,55.208307740718524,-0.05154024756692242,55.4588122254485,-0.16922871062043882,55.519302256909185,55.42107264214728,-646441.4008312299,0.024022293090820313,55.5056904092631,0.000481996786805509,55.58193224332593,-3365867.483450826,-0.043110998648782387,55.47969923205986,55.521408486376956,820075858.7786573,54.515543988412624,0.5,55.519302256909185,0.030334599812825522,55.3749971516927,0.3333333333333333,55.503078651428225,-5.497205549259405,-0.10405521993421193,0.0876088400708987,0.31732819560357617,-0.046411206788879035,-2.0505042501788298,55.52671860419734,55.365360799488954,55.48150110418147,3.2863641976666145,1388.213656792481,28.96116115838038,-0.0038193995110035184,0.02226973055787207,0.023341570119728372,0.09859080453753322,0.2936059711420378
UGP,2.734387445449829,0.09264932893823695,2.6843875695992168,2.580250004927317,0.28507582127792314,0.13164579921433983,35.013915261925135,0.3333333333333333,2.654256517936786,2.734387445449829,43.00656918280638,-0.44541286622893134,-0.008474472346510935,0.22697075589625093,-0.12129623336138967,2.686960396432902,2.674949812104796,2.606917593081183,1140.3997819649587,2.6298363710172254,2.6581944518619114,223085442.57419118,122586307.76267265,2.7666666666666666,-0.05188266558809386,-15.508770625558196,2.594333334763845,2.5951339836766403,2.6523111187087167,0.12933328946431485,2.5968630165812336,24.774146528965368,35.20127126859417,0.015626794729322813,35.28797071461045,0.04747367156179322,-0.34735111781330275,49.109294871654605,0.2086665550867721,-0.053456134113491045,42.2456146872209,2.6067465294848433,2.5770000060399374,5.1248160897648525,2.9403460125385394,0.12016856353917967,2.5875878681638693,-0.4453823566505267,3.2853274849853973,-67.80655215348085,-0.7201301544950507,44.82036038538834,0.10697203370211322,34.166666666666664,129033026.46666667,2.6576101372391983,-0.0037000028292335837,2.606864808989571,-1.1128741443119448,2.581333337889778,2.6104594560894685,-40661.44979785411,-0.02200000286102295,2.73618116612698,-0.007897847518425379,2.657762456396517,-770376.7286316325,-0.03577568248872666,2.64372876219849,2.5835000038146974,4130113.461092488,2.641718600690323,0.6,2.581333337889778,-0.13999999364217122,2.6497666740417487,-0.4666666666666667,2.588000007470449,-5.543227622316595,-0.14691017752843286,-5.10362024716978,0.2418067259576198,-0.12150015417293168,-8.429141579914209,2.5828333377838133,2.6403204253471366,2.5952660002531833,9.24227863266423,1217.6292141651613,-61.460056396134654,0.0,-0.045082020874914086,-0.21283787375736396,-0.3632033501354618,-0.35837300226398505
MO,48.2939811706543,0.9820160440515588,47.70665931921696,46.86716426213582,-0.3319631049171146,0.8509083128764919,53.5646261382127,0.5333333333333333,47.38639612247547,48.2939811706543,42.41757963991441,-0.07593142848136587,-0.0023213864259522864,0.4236093218629036,-0.9440237301010354,47.57132310715933,47.56139660225657,46.98514927733653,1580.8227226869842,47.193321498524064,47.43564842365406,1457474730.4113328,2511001004.3880396,2.533333333333333,-0.02230989251572362,-12.063958104935358,46.948661422729494,46.89743779116953,47.38168916914198,0.9046568552652997,46.935769209843784,25.85642045253328,53.45595661893772,1.5091057670279795,53.34973876830414,0.11768419366133773,-0.1946434175045137,43.14222873613547,1.4113135019938157,-0.43719048703837465,43.968020947532324,47.02019586919428,47.072667083740235,1.8952280006077733,47.84624155725033,1.2115136033876182,46.82818168254385,0.016283053528662512,3.306820788241279,-56.31403412463414,-0.8778969372976081,37.948241044282,-0.6503946747646102,51.388888888888886,5036023116.1,47.45004703155913,-0.12056644439697245,47.01130099085385,-0.9108105858501626,46.881330023871534,46.784215609090886,-3045612.3895011046,-0.10866661071777343,47.59653510214681,-0.0021400631562427403,47.42195442690089,-7565849.038753271,-1.018262179824705,47.30150344374926,46.909661547342935,360208027.1007216,46.498372747506274,0.4666666666666667,46.881330023871534,-1.0213333129882813,47.371266937255854,-0.13333333333333333,46.8790002822876,-5.5209762971523775,-0.2522969207923202,-2.0543234813567275,0.3131985040453044,-0.026924031839382977,-3.739143306063045,46.89424750010173,47.05445672866112,46.86066791444515,4.010498611659106,1552.2517005847158,-53.170268533297346,0.0024553708085905956,-0.06922280108990442,-0.07782342620436922,-0.023866391712157986,0.08235492175119474
CX,7.267500034968058,0.29623039016017205,7.034973901126405,6.8237500031789144,-0.8226240419075287,0.2303576650399541,44.09212040463569,0.4,6.960498078291615,7.267500034968058,39.19170933053762,-0.3669440846775911,-0.004791051963586755,0.3054752515987523,-0.4433460768063863,7.089513432417971,7.014414301586879,6.863680916199936,1036.5342297669206,6.912987908161047,6.972731514330264,4070620422.1139727,-1022740186.7858398,2.6333333333333333,-0.05391743737330311,-22.604589104321967,6.8538333098093664,6.8383808199178455,6.958922254244485,0.22233335177103677,6.82139632945516,25.21682885495792,45.20505892468754,0.13375517499144163,41.096047534111214,0.06392104625701908,-0.385442991978687,45.755779016513,0.366000000635783,-0.21886752986500396,38.69770544783902,6.856915049325852,6.818000027338663,3.3519997237420407,7.345397543701066,0.36059347844885153,6.822990096785266,-0.14754299346738625,3.287911308811751,-67.31098061255423,-0.8608124756144738,41.632983891254874,-0.053645790777914766,41.94444444444444,-46815656.0,6.934148885350946,-0.02363327344258602,6.867170190255403,-1.2514914551082652,6.82688888443841,6.867033604398109,-347060.13903284154,-0.03266666730244954,6.969428973972864,-0.004558657218668949,7.021844753281934,-4745367.006143109,-0.05339143620071622,6.956062532988913,6.833166646957397,58551145.995542206,6.748233524893767,0.5666666666666667,6.82688888443841,-0.29666666984558104,6.956766699155172,-0.4,6.830666693051656,-5.535097914125369,-0.15168298792984697,-4.04878314892793,0.34291523414483627,-0.13433502286069113,-9.54243649692793,6.831583325068156,6.925798160435616,6.836619215268479,8.084505533633006,1202.928645141561,-62.911615181541016,-0.025236643595971775,-0.09117652132436749,-0.16599190882615944,-0.2616487559335463,-0.014354091365498145
AVGO,495.534716796875,8.836948298701534,499.4884866828856,508.5275001525879,-0.320780612157131,9.498762743149655,55.67553853961867,0.6,502.25653949181236,495.534716796875,59.09615700537696,0.4628356436621454,0.0033868764052417686,0.40697176105763594,9.940726698672146,500.00056258063,500.48668765382564,506.59491993844495,1197.0743581939366,504.4735731090199,501.91183872929327,907860697.3603699,416565295.2348787,2.3,0.02298994321679356,17.117717081909753,507.3431655883789,507.63731367495404,502.4513608466255,9.855000813802084,507.27337307490427,25.34330078864558,53.60777206340466,138.10154532603647,50.13033852220606,-6.0137215865285825,0.326127976040663,47.82098011141845,15.873998006184896,4.369375910310672,58.55885854095489,506.5011681681762,510.64866780598953,1.8990052864899762,492.2037060032704,10.971327594656735,508.334024345234,0.12061700528758831,3.337632111374592,-30.966202746947427,0.8476324746154789,56.790108471923325,0.0730609172344098,55.83333333333333,496731028.3666667,501.6885238859543,0.9130882623862607,506.4752128334312,0.8328970284027092,508.4138888888889,507.0881201340367,1391753.5680341371,1.799998982747396,503.2247012594746,0.0034775999815358023,498.64777237573446,660836.6147932807,404.9543010655541,503.277327204335,508.1866663614909,822980861.112966,505.9175075475862,0.4,508.4138888888889,11.92474365234375,502.6730117797852,0.4666666666666667,507.9683344523112,-5.4808631564634265,0.09031066360475909,2.4098860139947647,0.32611307642032067,0.18375944508634398,4.258555206570985,508.17233352661134,502.36576953447036,507.76731972228794,2.2557958581562323,1250.8230054585572,47.70328108645299,0.01140127316330819,0.034184484271758464,0.0950285942428244,0.15874503034962006,0.1626697957369465
HOG,37.49618002573649,0.7147517632378471,37.14066767468715,37.28408349355062,-0.16193981909011018,1.0629701030263832,47.16483780697374,0.5,37.098632044593494,37.49618002573649,47.41815762769463,0.018278794588509135,0.00014024023186153182,0.1729168222494134,-0.5450495655399751,37.39276248209517,37.167671785619525,37.18344267433981,1129.5849327116337,37.15507322138006,37.12775053448147,1483755445.3634024,612564528.5940672,2.466666666666667,-0.007087706901086732,-8.310027498454474,37.39616654713949,37.192502085584614,37.1233671951294,1.2666666666666666,37.0958028023731,25.251486009304816,46.01003188254233,0.79135273636532,45.973676665555594,-0.060105323791504656,-0.09662317832255633,56.29189519886234,2.102000300089519,-0.3002657988132564,45.84498625077276,37.12732359694038,37.41933372497558,2.9866087189073487,39.32480009236808,0.8734257682963028,37.19673672847659,0.005787733617131933,3.3174936328106757,-56.31003791737799,-0.02671013117541482,40.99713586218213,0.35776594744123347,46.944444444444436,306377072.43333334,37.00687297812201,-0.15443261464436805,37.182042423772934,-0.43406782166900454,37.312000062730576,37.28902761663957,400135.40137996216,0.005333328247070312,37.85029951772942,0.00043849974917872607,37.29766026371881,-1361200.6459956844,-2.614955088379068,37.204650947784586,37.3678332010905,69538829.65247904,36.879370790684085,0.5,37.312000062730576,-0.07866668701171875,37.14976718902588,-0.2,37.19766712188721,-5.499253029345073,-0.20256700437726555,-0.17666149596669597,0.23898796264978436,-0.20771690466011805,-1.6852226394929442,37.33549998601278,37.15444384890108,37.200844869003554,3.8547850739603593,1675.0265072044772,0.021200723130145368,-0.030804458301317617,0.05340344044744483,-0.00288110553882448,-0.16703978120020635,0.07409550050173186
PSX,72.50216687520346,4.370759742454246,75.77450845163094,78.48116652170818,-0.8635401694489454,2.2750318510889795,58.71668622897489,0.5666666666666667,76.8388537372152,72.50216687520346,68.54594676089998,0.42977419262131433,0.004455330951952551,0.5070987919781358,5.519441394858084,75.20517345171558,75.96717149090505,78.04958909396035,1227.263767116473,77.40360633156517,76.63414835046838,347917928.33675945,59666545.99429832,2.4,0.07206594035315333,26.289011350104865,78.33099924723307,78.37524717903655,76.83832244873047,2.4610003153483073,78.55682328607212,25.578555576071093,60.337165418006904,28.88911287860018,63.762130654804416,0.3366316142835121,0.42655163686504216,38.12848993327289,4.069667561848958,3.034797409253243,63.144505675052436,78.29700184413365,78.90366673787436,2.980985099274926,76.22335824777474,5.098917554593347,78.70138861398513,-0.07636861814181754,3.3729802002575417,-30.189706265889757,1.1838935655744196,51.82990116601311,0.1187475960312019,59.16666666666668,272402351.23333335,76.7086376204524,0.17736701965332055,77.94038490526604,1.1976373147650627,78.48488862779405,78.06485023410227,1506896.6670053313,0.32433319091796875,77.50050484437034,0.004726010766631483,73.57573028155419,567232.0441713243,32.93611695789017,76.75273865802824,78.49233283996583,263275770.8572777,79.8093607663606,0.43333333333333335,78.48488862779405,4.0510002136230465,76.82506688435873,0.4,78.30783360799154,-5.455547267936756,0.03380752912397911,6.164668182685446,0.4627789387832628,0.0307885032449058,16.71064160046743,78.46699975331624,76.63897706540091,78.44420075490419,3.3605717880266877,940.2981458147904,45.850583070390435,-0.023046047373343814,-0.03105590062111796,0.1473962363675645,-0.07647106184800223,-0.020084374037250274
BRFS,4.628000013033549,0.235499226057971,4.585531740960189,4.505208375056585,-0.5801891771711178,0.1708730734884736,45.57413461355289,0.4,4.548391951372226,4.628000013033549,45.27792634819627,-0.12277680780883922,-0.0025253324466974507,0.4490013550637305,-0.0679877194002563,4.581251202801529,4.583975586866519,4.517070501040126,1172.5774948713154,4.535181848063613,4.557611133654912,666822140.2787215,218250759.32441705,2.5,-0.02570581919603193,-5.422715107237392,4.514166692892711,4.508839748674643,4.55047780195872,0.1890000422795614,4.511042760864153,25.06302573434895,45.22104891616959,0.08625009710891045,45.8298727415084,0.1651578934569107,-0.20079959472624218,37.53279549960193,0.2963333447774255,-0.05127562615606518,47.2886424463813,4.503411024708451,4.509000043869019,3.9945719129188477,4.587664592892126,0.2796781746964555,4.493133886285093,0.08820786265363552,3.290986590967611,-55.88991342075869,-0.4833500279822697,47.798302226360946,0.10891440001433124,42.77777777777778,121265349.83333333,4.588751717300914,-0.0056666501363116266,4.520303065960223,-0.026085024116754015,4.505611152119107,4.513432180463985,-39641.294778245356,-0.011333322525024414,4.523610271440621,-0.0019649503893163444,4.4996307455596645,218926.9484347145,-0.057194896973153726,4.5534171833107395,4.506416706244151,15903263.795190096,4.489664248150678,0.5333333333333333,4.505611152119107,-0.1459999640782674,4.553233358065287,-0.13333333333333333,4.509666705131531,-5.523297967887089,0.008688677372002988,-2.701513690052812,0.3647330547577952,-0.06486207333558978,-5.6033185514438655,4.506791706879934,4.5494832026356,4.506354921739109,8.736252260173082,1185.880001954903,-23.07696964087047,-0.004672892510771409,0.0839695054755889,-0.06167395051186475,-0.2096474333199837,0.06500005722045898
ABBV,107.53721694946289,2.418101878413447,107.61013385961976,109.75667130783313,0.6435186991403842,1.9682406032149802,56.32009712765115,0.6333333333333333,108.18612600515286,107.53721694946289,59.00849002092564,0.5857254709403584,0.003409300346292152,0.27187294269207174,-0.036485338006392,108.5796050380229,107.90312582157289,109.27074085138169,1168.3304942715063,108.75623400601472,108.1468170731156,-701717873.6794027,602160266.1090993,2.3,0.015140352854101802,5.996699747841754,109.508915062629,109.49311380146302,108.25938330756291,1.863471908178018,109.13700241896535,23.95538809182904,53.84903866085799,11.871724981262572,54.748340299357345,-0.44513728493138377,0.4644521102427133,58.38658418779263,3.019053056798421,-0.007521655416896541,52.99834987392087,109.13070807823767,110.02813807169598,1.7131214859494004,109.3266464822243,3.0311362518940377,109.73070395279025,0.1406088573154765,3.3344844869623596,-31.488442763825276,0.9111607648919834,52.54794208173419,0.9262447213256368,57.5,1207155163.5333333,107.56209474987176,0.11992409814696331,109.24541803462243,0.7922631204425815,109.73960745910952,109.35696474874301,1406598.803212478,0.3797505696614583,108.49054795668012,0.00348260135480124,108.29432780105863,630449.5463183641,3.5483708090010118,108.63391419588021,109.70547976166239,719777094.807816,109.17475929713005,0.36666666666666664,109.73960745910952,2.492994689941406,108.34263384501138,0.6,109.61798756917318,-5.479351887357052,-0.03704931929460661,2.320024586877433,0.31920646081942183,0.08517197642821712,2.5053800331753897,109.7128863703733,108.50874503569166,109.55238450894855,3.007543488205157,1016.7251020041966,93.45633520709423,-0.007144648635459716,0.06524914588797359,0.1055036833751708,0.06463146683796728,0.15531034536266763
DOCU,271.90249989827475,9.76556157090929,266.9520157450945,268.15027440388997,-0.4338143989570758,8.38544967985244,49.86334735514338,0.5333333333333333,267.3112658262253,271.90249989827475,49.39616739537996,0.2160459967758741,-0.0006026424057765774,0.3167336983017102,-6.2709008071001895,269.6203972522192,267.0798798939511,268.0456987633762,1098.7483648498805,267.68838854240647,267.28567736590355,1335111618.2472663,205398079.61976698,2.466666666666667,-0.007446618848729162,-5.895174535858889,267.813498433431,268.09713282262294,267.3742568630642,8.382268778483073,267.15149523731026,24.479725597227624,49.088261544350054,148.61461916233824,53.40416900279269,-3.6637354800575666,0.14531052117396145,46.756888011742824,13.467543538411459,-3.191113411667,47.05241273207056,267.94443683777973,270.3529974365234,3.062324815380212,273.74813774782245,11.819799609820272,268.44693621103596,-0.03901058199901911,3.322899717866294,-42.10672281872414,0.12989565275951045,50.61987099723062,0.09263932029119634,49.44444444444443,225860906.33333334,265.22280235567894,0.05626383463541719,267.97458744360296,-0.07101434917440956,268.15058831108934,267.98254838085325,-302218.4560783683,-0.16266682942708333,267.33600073148943,-0.00036046163987351796,267.77922119964535,542925.5994693378,-34.63436035309177,267.92146822678063,268.1512161254883,490598608.91206867,265.8957109036943,0.4666666666666667,268.15058831108934,1.8326629638671874,267.41283447265624,0.06666666666666667,268.2306660970052,-5.494517846576463,0.0686308419629129,0.7945508404493774,0.3579337791520286,-0.003581322662612911,-1.0293957228270205,268.22431627909344,266.9987023293434,268.2403485610911,6.022594768272376,1138.9393471134135,11.460008055273537,-0.00942757314612519,-0.005177274663397569,0.03196616607062808,-0.012183068503796246,0.08643794910813907
SAN,3.6619401216506957,0.0915735491823267,3.692009660151984,3.767027138804524,0.757483932690533,0.09132768882057461,61.05573964474549,0.5666666666666667,3.718807500709469,3.6619401216506957,58.180025651182255,0.4876722401729223,0.0017438770619906212,0.19958304109433417,0.09663580123568796,3.697290108070729,3.702248499509283,3.7571761252841522,1198.2372220085524,3.7376150170239546,3.715220024629876,-2854128683.6372304,577780138.9125174,2.3333333333333335,0.029239207249556674,10.675580474549962,3.762710775053743,3.7658863001964393,3.72032603820165,0.09069897496590572,3.762928540644778,24.93958201544113,61.32351517991289,0.014756225348068915,64.81833110141689,0.0021772679529691715,0.3940505634203952,53.6906374677436,0.14295972297766518,0.05207374819323548,55.33779023727498,3.756420767525613,3.767223087946574,2.426493535665958,3.7119120287102105,0.11929420518705518,3.77245937185352,-0.11168838277632845,3.3427071085695292,-27.858119490954405,0.6790389663392584,52.174837929321356,-0.7827846685585553,57.77777777777778,182490979.93333334,3.7118983842388977,-4.5429534583192365e-05,3.753558736136466,0.9238374730931294,3.7669618224238404,3.761067076706163,38828.937252007454,0.00642239252726237,3.6902600934822076,0.0019382635499535857,3.681578694632607,-208151.06695400475,0.008462419697853817,3.7254758131295787,3.766831189662474,13691273.690141058,3.767948911556544,0.4,3.766961822423841,0.09415379365285238,3.7215918040275584,0.06666666666666667,3.7640118916829426,-5.475866544324151,-0.054048623590602723,2.6732684065992482,0.2671292938637002,0.0310120017641158,6.164183830248365,3.7668580586115836,3.7171606906324635,3.769515453396421,2.7453273514797276,1187.8740569535082,47.79521490196446,0.0026315764707212086,0.01468277367862636,0.06793961658495484,-0.0010487370937788398,0.10455459535678036
BP,26.772666931152344,1.2174000802216705,27.99071606063263,28.664250071843465,-0.71335626544982,0.6202338544985984,71.49190993064293,0.6333333333333333,28.329855527852974,26.772666931152344,71.51413918873615,0.33593328460692384,0.001984934157244434,0.5464526530079101,1.9518076854811401,27.66484673238364,28.04469683527855,28.601287762513945,1095.4110413092892,28.43942433097146,28.249111173771045,701621045.88634,1300808114.6350965,2.1666666666666665,0.05934043989079264,33.53546427307971,28.64233331680298,28.680153222053658,28.30951117621527,0.6303333282470704,28.795669526211572,25.267081077378577,73.73693348655135,2.15032401904398,60.48485910606816,0.11365796139365707,0.4972894997472878,40.39243512012468,1.0903334299723313,1.0555534366868502,66.76773213653988,28.701014741191933,28.74433338165283,2.182084203564068,27.376276757655717,1.4268804510174629,28.7560206054824,-0.263041970132634,3.363843499989018,-31.512610145439666,1.0200584580919019,54.72019333467755,0.1680743001390341,67.22222222222223,1826685050.0666666,28.36178606142374,-0.01566660563151022,28.558503606213836,1.295877057836325,28.667111163669162,28.61233766318047,1177832.6298062403,0.05366668701171875,28.367036846565718,0.00210653831452019,27.296570459422913,-2383274.5547594866,0.3368883885092236,28.225207587921208,28.672833347320555,331871604.8275567,29.190802965199776,0.3333333333333333,28.667111163669162,1.0700000127156575,28.284800071716308,0.2,28.628833452860516,-5.468438285614766,-0.06212542141659256,4.210778732971932,0.4822387538270177,-0.08423245361654925,13.973856717976307,28.674416716893514,28.24824115027792,28.711006863783506,1.4402626571991355,1771.021079501515,42.73642562871154,0.0101266072516637,-0.04545454249153569,0.07588602812707479,0.07550873998148133,0.2498931611697217
ABEV,2.883833328882853,0.12044296255818122,2.7896443539112514,2.809875015417735,-0.7536117955610863,0.09587533879132625,44.7592387996742,0.43333333333333335,2.7838346598359447,2.883833328882853,38.47494668700535,-0.21105293790949547,0.003259924201107598,0.3868030255932281,-0.13708382244203599,2.844077030104445,2.797926547486228,2.7977707212778933,1012.9562781698359,2.793418204712145,2.7883426160724065,-1607761407.8062139,-575988661.8756148,2.5,-0.020971351886451464,-17.26794314339718,2.803833341598511,2.798638782205359,2.787344468169742,0.09766663710276298,2.7795970199199,24.39560313117358,42.533697114961434,0.021669554173425903,41.18961497464281,-0.028131582235035143,-0.2745149605437138,49.33329656276603,0.1636666377385462,-0.07908760268464049,41.36602842830141,2.783347277658763,2.8106666882832845,3.3641812321180735,2.933132820737236,0.14475471906100848,2.798285731270032,0.3327166038340705,3.3037946669176828,-57.52755877854977,0.06227849574774611,46.45566433173007,0.38107707405211155,38.61111111111111,593676579.9333333,2.7688115497103976,-0.0006333382924395565,2.7999720502288743,-0.4983078545626871,2.8096111244625512,2.8091403196576743,114767.82460887123,0.009999998410542806,2.8066505684166976,0.0036142519754184216,2.816558140662509,-5690241.220655376,-0.0024659214391789678,2.8064027599216455,2.809083342552185,73329553.27292348,2.695440290827742,0.4666666666666667,2.8096111244625512,-0.007666659355163574,2.791866689523061,0.0,2.8056666890780133,-5.497239940465116,-0.12270127546157074,0.009307898904414932,0.4084937788270844,0.007921382522147599,-6.506570507668687,2.8090416828791303,2.792889073482526,2.799082849748207,7.026441993020723,1358.714352507139,-23.916398780591383,0.012698400203813742,0.15579712617499974,0.09246574447669076,-0.07536231503469615,0.19029849916397823
WBA,48.34251435597738,0.9832372916892722,48.192867687570406,48.084635670979814,-0.28250530438929433,1.278641618175102,38.65135909289621,0.4666666666666667,48.018965710451205,48.34251435597738,45.59064811991272,-0.016669873807610022,0.0012792144967574896,0.23243518291624427,-0.653532734313013,48.267547723814054,48.14368691271363,48.0138187393123,1125.0704701683387,48.04558137142297,48.07506437654849,-390120265.10729855,840864095.8296055,2.5,-0.007668954011619988,-3.82006418115041,48.1026050567627,48.01264183650859,48.05278845045301,1.380209732055664,47.95887007937201,25.981910552215027,35.562127944609195,1.4787801905694153,52.60819228491698,-0.06502647399902255,-0.1858123995249531,48.729368923373194,2.2380861918131516,-0.35442532188871995,48.08996790942479,47.97611676561964,48.300999552408854,2.7685503700438305,48.45459113507702,1.1989661408558836,47.98743618251088,0.23778226045881634,3.3148714129026695,-60.54787329727524,-0.0806201314523636,45.305861590411226,0.5689681966629847,37.5,600712555.1666666,48.04631648842128,-0.07856730143229121,48.047176700761,-0.3333054650988675,48.08084771898057,48.06276468925078,2040907.2823353158,0.06299997965494791,48.48281592300084,0.0014738222965715883,48.16170097904798,-1114496.7708424092,0.13481132467594611,48.11764794071517,48.0732718149821,313459032.78739864,47.06675893299227,0.5,48.08084771898057,-0.18333333333333332,48.088999557495114,0.06666666666666667,48.06449953715006,-5.504943768293085,-0.09287852245763846,-0.32389745146508025,0.25142042205492066,-0.03376502648887183,-2.2177040255708866,48.08505252202352,48.378710719243564,47.977031867415825,4.868177991512194,1645.4849788330073,-13.920785341171328,0.01258122487702873,0.029927775853588745,0.025904649507430433,-0.03205197534930826,0.04257132252610685
SLB,29.91193501154582,1.5222455431620279,31.31321251359628,32.54545828501384,-0.751644561032158,1.1128355964975616,60.50015223373534,0.6,31.749460213134686,29.91193501154582,66.04118534365458,0.43259104669231846,0.0048067748545871265,0.38250533340546916,2.4746772033134024,31.03051504582985,31.406624975873104,32.313019917356186,1006.2501964437811,32.0219635738026,31.676435131496856,476532806.6100293,850140112.7652919,2.2666666666666666,0.07554766354944341,25.000415563191957,32.4749166170756,32.464211090698456,31.761122161017518,1.1011666615804037,32.54227454310638,25.589710193063613,61.503658200285386,3.617018770720465,64.7217529459167,0.04881588283338071,0.44969234553728854,48.4084875604357,1.9490002314249675,1.3199466444488268,62.50020778159598,32.40030320722978,32.66233327229817,3.4827435186020836,30.723847267080828,1.8314827697137506,32.58886672915535,-0.017857007839909896,3.373963149883237,-27.41437344785377,1.024788975593602,51.868621424551115,0.1293165747259769,60.55555555555556,-57884828.6,31.755199384335405,0.03856685002644866,32.27095098562174,1.466098127951775,32.553388849894205,32.36562565052979,2361712.9996168474,0.14999993642171225,31.453815490303885,0.005035284712217584,30.48844447372192,-3622792.548469504,1.3990752856841577,31.74468675239096,32.56924997965495,403334480.1463687,32.93574595687717,0.4,32.553388849894205,1.7149998982747396,31.769499950408935,0.26666666666666666,32.446666622161864,-5.454436574369921,-0.09872227272151275,5.945134282879237,0.3482355574487842,0.02091204988227028,16.9078534976406,32.54445824623108,31.788390714401313,32.48773527421533,2.749687174126338,1427.3896347072985,65.53312247851149,0.002379590529338671,-0.005019137121533235,0.17380709988129395,0.05450532043864409,0.3071236024355226
ERIC,11.456246360143025,0.30252625281722456,11.47476726542762,11.41578260487603,-0.85422350396868,0.21978214610522193,53.09700182532643,0.4666666666666667,11.446262976216774,11.456246360143025,49.440513208654004,-0.06509145778306877,-0.001601677096251137,0.40895064007158505,-0.051658453601259896,11.465119215132637,11.47021472755184,11.423387845777658,993.7793264815025,11.436491907871128,11.453568485048082,887758801.0244238,642318477.0188464,2.566666666666667,-0.006072824737497351,-2.563552847862087,11.430039344297116,11.417753273486007,11.448343840705025,0.22622753795887146,11.420658954379734,25.720728455470432,55.047768123000154,0.1360811155261609,60.08627952163546,0.1144466927177027,-0.005556682684236451,39.56763977382008,0.35372749092401484,-0.013539378459636826,48.71822357606895,11.418838109515963,11.435010884602864,2.011864145208465,11.576418323213716,0.36546746181115586,11.409835868637419,-0.039564472921603165,3.315514823867251,-51.268449937379025,-0.2648961070718773,41.95212241139548,-0.024259264148745137,50.00000000000001,1104207665.7666667,11.466289468581143,-0.04304329318105507,11.42405690702247,-0.13692835766128159,11.419113903923654,11.407517518790963,-200083.00240484354,-0.017966556549072265,11.455519008215589,-0.001444274186155403,11.414337939786252,-6565353.629644478,-0.04870109312299885,11.44592485378315,11.425776502018907,77346831.88136454,11.401844034676824,0.5,11.419113903923654,-0.11703758239746094,11.450208981831869,-0.06666666666666667,11.41477198600769,-5.506819468780299,-0.2887893867309824,-0.8346119154713184,0.3301455652114955,-0.24778949550180013,-0.7496687517144472,11.427148896156593,11.444135413149137,11.416454649774314,4.768987769453978,1681.2637314226208,0.4928869859581385,-0.0027272484519265117,-0.010820548594048462,-0.036040234555296924,-0.12574634020486486,-0.12323892202981901
GFI,8.610966650644938,0.44593533462948265,8.72663828817195,8.997375011444092,-1.011844108126154,0.2996749415003302,60.484075610590445,0.6,8.830143921201428,8.610966650644938,62.201417172946975,0.28926458391790477,0.004671239362930733,0.3836619413533539,0.27137700028386563,8.76115176186978,8.754734606879929,8.944942365744904,257.8290802022937,8.883739434733535,8.810592635472615,4358201401.132273,-277619965.02848744,2.3333333333333335,0.04125549005354253,12.46676155947572,8.98274998664856,8.972154326729118,8.829033374786375,0.2834998766581219,8.962412185337719,24.355378603446148,60.495040545614756,0.27174616055146816,58.04345361626335,-0.14010523243954284,0.28199673851698137,43.55046954429314,0.5009998003641769,0.15088998109866428,56.233380779737864,8.956300548686214,9.00033339182536,3.2329564024517143,8.957084180692208,0.5109480753585333,9.007882822109279,0.034115455814686384,3.3540229036905145,-40.26504435564005,0.7875874731231863,49.49507903615161,0.18467461134962695,59.44444444444445,90579514.93333334,8.766241359522077,0.009566663106282776,8.937139900692136,0.620249180809998,8.997944445080227,8.961879769970619,230245.54781877802,0.04066667556762695,9.006966319265555,0.004859067445298386,8.643504011801515,-1082976.5646679997,0.25953365145061613,8.840546706776026,8.999083312352498,41493819.020176634,9.0258684274833,0.36666666666666664,8.997944445080227,0.36933329900105794,8.828400042851765,0.3333333333333333,8.975333372751871,-5.465526680171302,-0.05575990977577835,4.55658506572642,0.37756260345245046,-0.02109053035016476,9.517901510305952,8.995124999682108,8.810733160296339,8.980874785509975,5.108598149891313,2412.691279189699,43.45382074406491,-0.017913601727507222,-0.0431211587436956,0.15346531965676213,0.06745342782137231,0.11952481202793552
HL,5.607108775774638,0.24224003011208994,5.589569529986039,5.682083308696747,-0.36821404002523594,0.25964101186308997,55.68531931767692,0.6,5.615292313198249,5.607108775774638,46.85403228827906,0.08904708721456575,0.003088085905775401,0.2146936268477021,-0.07130674539538896,5.664421645745816,5.606751747496869,5.658149869622593,55.81217408515366,5.637278781948667,5.612907399954619,5652469297.212626,-507193777.38237554,2.2666666666666666,0.0016713105261135194,-4.318629491093993,5.683333269755045,5.664883987159269,5.6175222158432,0.27133332888285333,5.640358483619093,24.914958437482355,55.298203127725465,0.08449705040193695,55.988073406128734,-0.07381577742727181,0.10457804225880572,56.080839200579206,0.4676667213439945,-0.05867307338959128,47.84068525445301,5.645740654355004,5.6899999809265145,4.578660750548595,5.887472612409447,0.2885504500971976,5.672083852591783,0.059151542113189425,3.3245579131262644,-43.06968197807907,0.24674733666471876,46.303357507677596,0.5955317706719562,57.222222222222214,506714580.56666666,5.581519048324156,0.0005666542053224671,5.656526800302358,0.06789307845922853,5.683222193188137,5.663320077935724,8489.315983885546,0.01766665776570638,5.600124136949686,0.0036012961049638396,5.61280930905212,-1745688.2465123215,0.05887611682960175,5.640487678743119,5.685499962170919,38826078.20733198,5.533153585021691,0.4,5.683222193188137,0.09433333079020183,5.62053332487742,0.2,5.669833326339722,-5.483980219806415,-0.09112554952869424,1.8846130978193416,0.3401625190983039,-0.004937191250864085,-0.41649026605878653,5.680833315849304,5.608175994889538,5.670097978668985,7.1117384936675965,2681.953306065738,24.418291359997742,-0.021959478507692975,-0.05392155716942604,0.08224300281565666,-0.20526275058963583,-0.06463459899486967
